{
  "rows": {
    "total": 56094,
    "train": 44875,
    "test": 11219
  },
  "regression_rain_next_6h_osel": {
    "mae": 1.5190662257630152,
    "rmse": 3.520883999042376,
    "r2": 0.36343296508318756
  },
  "rain_alert_from_regression_6h": {
    "accuracy": 0.7848293074249042,
    "f1": 0.642687981053878,
    "confusion_matrix": [
      [
        6634,
        2099
      ],
      [
        315,
        2171
      ]
    ],
    "classification_report": {
      "0": {
        "precision": 0.9546697366527558,
        "recall": 0.759647314783007,
        "f1-score": 0.8460655528631552,
        "support": 8733.0
      },
      "1": {
        "precision": 0.5084309133489462,
        "recall": 0.8732904263877715,
        "f1-score": 0.642687981053878,
        "support": 2486.0
      },
      "accuracy": 0.7848293074249042,
      "macro avg": {
        "precision": 0.731550325000851,
        "recall": 0.8164688705853893,
        "f1-score": 0.7443767669585166,
        "support": 11219.0
      },
      "weighted avg": {
        "precision": 0.8557884001046436,
        "recall": 0.7848293074249042,
        "f1-score": 0.8009994468360705,
        "support": 11219.0
      }
    }
  },
  "osel_best_params": {
    "ridge_alpha": 10.0,
    "rf_n_estimators": 120,
    "rf_min_samples_leaf": 2,
    "rf_max_depth": null,
    "gbr_n_estimators": 80,
    "gbr_max_depth": 2,
    "gbr_learning_rate": 0.05,
    "final_alpha": 10.0,
    "extra_n_estimators": 120,
    "extra_min_samples_leaf": 4,
    "extra_max_depth": 12
  },
  "osel_best_cv_neg_mae": -1.5678971125271952
}